nom,age,sexe,pays
Landen,46,M,Thailand
Sebastian,45,M,Micronesia
Frank,32,M,Ecuador
Adrian,54,F,South Africa
Chaya,53,F,Mongolia
Lilian,36,F,Saudi Arabia
Alaya,44,M,Serbia
Meilani,27,M,Maldives
Stanley,45,M,Belgium
Kamryn,52,M,Bulgaria
Giancarlo,38,F,Colombia
Mekhi,44,F,New Zealand
Veda,24,M,Benin
Edison,20,M,Norway
Griffin,43,F,Kyrgyzstan
India,40,F,Ukraine
Harley,36,M,Iran
Leroy,27,F,Zimbabwe
Braxton,35,F,Laos
Maxim,39,F,Panama
Jimena,18,F,Norway
Jadiel,43,F,Seychelles
Braylon,30,F,Italy
Dakota,35,M,Sao Tome and Principe
Javion,40,M,Tunisia
Owen,26,M,Saint Vincent and the Grenadines
Hana,38,F,United Kingdom (UK)
Xiomara,38,F,Yemen
,19,F,Philippines
Gordon,29,M,Mozambique
Royce,23,M,Mauritius
Laney,44,M,Germany
Hayden,54,M,Brazil
Sandra,31,F,Namibia
Blaine,40,M,Equatorial Guinea
William,19,F,Grenada
Sincere,44,M,Central African Republic (CAR)
Zaria,40,F,United Kingdom (UK)
Grant,49,M,Tajikistan
Joy,30,M,Slovakia
Alaya,48,M,Mauritius
Maxim,39,M,Niger
Dennis,51,F,Nigeria
Gabriel,23,F,Lebanon
Kaiya,39,F,Chad
Mikayla,50,M,Israel
Belle,21,M,Romania
Caroline,21,F,Latvia
Paris,36,F,Armenia
Vincenzo,51,F,Singapore
